Subreddit,ma’am,cuhz,lmmfao,1omf,mfs,ole,bih,nicee,llss,siced,shid,gunna,lata,nut,odee,cud,lawd,(:,oomf,werd,od,crackin,wid,;o,wholetime,tripping,fck,lols,flex,<<,finna,.!,fr,lrt,nbs,bul,ctfuu,hu,sho,fa,bait,ikr,y’all,lowkey,<--,dang,bol,lml,frfr,fye,lbs,bae,sour,bck,jawns,foh,noe,bogus,jamming,hbu,rd,tf,fakin,gotcha,lbvs,preciate,bull,ctfu,mayne,fasho,whoop,followback,jit,nuttin,cuh,ard,azz,deadass,ahah,hype,ion,deff,vibe,buggin,ain,2ma,fkn,legit,yall,layin,sike,sed,hoop,goofy,wrd,brova,trippin,(;,wya,mf,w|,lt,lolrt,fwm,nun,crazyy,>>,okk,cdfu,stamp,guh,jawn,koo,slick,ahahah,jammin,ji
LA,0,0,0,0,0,0,0,0,0,0,0,-12.467056423976578,0,0,0,0,0,0,0,0,0,0,0,0,0,-12.355830788866353,0,0,0,0,0,0,0,-13.103045190696575,0,0,0,0,0,0,-11.858865965892598,0,0,0,0,-11.626894500454823,0,0,0,0,0,0,-11.935629982104436,0,0,0,0,-12.508632850822318,-13.077727382712284,0,0,0,0,0,0,0,-11.450122166322735,0,0,0,0,0,0,0,0,0,0,0,0,-11.4716283715437,0,0,-10.68820035958443,0,0,0,0,-10.165376718097345,-12.467056423976578,0,0,0,0,0,0,0,0,0,0,0,0,0,0,0,0,0,0,0,0,-12.513360992018264,0,0,0,0,0,0,0
philly,0,0,0,0,0,0,0,0,0,0,0,-12.126288692065321,0,-11.67980060461058,0,0,0,0,0,0,-12.063007242117802,0,0,0,0,0,0,0,0,0,0,0,0,0,0,0,0,0,0,-13.487767884065489,-11.555962341191718,0,0,0,0,-12.266301922292035,0,0,0,0,-12.030521786973313,0,-11.673390326249661,0,0,-13.449301603237693,0,0,0,0,0,0,0,0,0,0,-11.175426616126078,0,0,0,0,0,0,0,0,0,0,0,0,0,-14.161496978768332,0,-10.782335485505357,0,0,0,0,-10.157666424087063,0,0,0,-15.4736833677345,0,0,0,0,0,0,0,0,0,0,0,0,0,0,0,0,0,0,0,-10.21395834037945,0,-12.784864528560178,0,0,0
atlanta,0,0,0,0,0,0,0,0,0,0,0,0,0,0,0,0,0,0,0,0,0,0,0,0,0,0,0,0,0,0,0,0,-14.08098745393354,-12.149466042330328,0,0,0,0,0,0,-11.840277764657582,0,0,-14.474030042043148,0,-11.531542283007969,0,0,0,0,0,0,-11.872713040410737,0,0,0,0,-13.033668459652981,-13.184899429376905,0,-10.033559811499192,-13.144894094763206,0,0,0,0,-11.533497317843773,0,0,0,0,0,0,0,0,0,0,0,0,-11.519891665787995,0,0,-10.889482825861473,0,0,0,0,-10.372918305426463,-11.478297768489156,0,0,0,0,-12.849885982219352,0,0,0,0,0,-13.521371665998117,0,0,0,0,0,0,0,0,0,-12.186370599265778,0,0,0,-12.544120234334276,0,0,0
DC,0,0,0,0,0,-12.99880254173677,0,0,0,0,0,0,0,0,0,0,0,0,0,0,0,0,0,0,0,0,0,0,-12.27488370251007,0,0,0,0,0,0,0,0,0,0,0,-12.02424290173864,0,0,0,0,0,0,0,0,0,-12.067623197368865,0,-11.916997371385042,0,0,0,0,0,-13.355477485675502,0,-10.860208048851955,0,0,0,0,0,0,0,0,0,-13.825481114921239,0,0,0,0,0,0,-16.687681995850706,0,-11.76405807874408,0,-14.436390197244211,-10.81979851051408,0,0,0,0,-10.391493910436091,0,0,0,0,0,0,0,0,0,0,0,0,0,-14.490457418514488,0,0,0,0,0,0,0,0,0,0,0,-12.848229683257395,0,0,0
Miami,0,0,0,0,0,0,0,0,0,0,0,0,0,0,0,0,0,0,0,0,0,0,0,0,0,0,0,0,0,0,0,0,0,0,0,0,0,0,0,0,0,0,0,0,0,0,0,0,0,0,-11.981376939159343,0,0,0,0,0,0,0,0,0,0,0,0,0,0,0,-11.109537969856023,0,0,0,0,0,0,0,0,0,0,0,0,0,0,0,0,0,0,0,0,-9.96937667827504,0,0,0,0,0,-13.245068978186902,0,0,0,0,0,0,0,0,0,0,0,0,0,0,0,0,0,0,0,0,0,0,0
Florida,0,0,0,0,0,0,0,0,0,0,0,0,0,0,0,0,0,0,0,0,-13.707829097027231,0,0,0,0,0,0,0,0,0,0,0,0,0,0,0,0,0,0,0,0,0,0,0,0,0,0,0,0,0,0,0,0,0,0,0,0,0,0,0,0,0,0,0,0,0,0,0,0,0,0,0,0,0,0,0,0,0,0,0,0,0,0,0,0,0,0,-10.584835043862313,0,0,0,0,0,0,0,0,0,0,0,0,0,0,0,0,0,0,0,0,0,0,0,0,0,0,0,0,0
Boston,0,0,0,0,0,-12.534966501230594,0,0,0,0,0,0,0,-11.844273309632216,0,0,0,-13.090912560277054,0,0,0,0,0,0,0,-12.759336294268047,0,0,-12.862653908296075,0,0,0,0,-15.08049777283503,0,0,0,0,0,0,-11.827220521249496,0,0,0,0,-12.627339821361609,0,0,0,0,-12.269590186293112,0,-11.989455319476713,0,0,0,0,-12.445914723614692,0,0,0,0,0,0,0,0,-11.662771089221664,0,0,0,0,0,0,0,0,0,0,0,0,-11.9208413076268,0,0,-11.009336546068585,0,0,0,0,-10.414114902678948,-12.42374086612037,0,0,0,0,-12.869479873366474,0,0,0,0,0,0,0,0,0,0,-14.139514428370504,0,0,0,0,0,0,0,0,0,-15.65586191773859,-15.907176346019497,0
Tallahassee,0,0,0,0,0,0,0,0,0,0,0,0,0,0,0,0,0,0,0,0,0,0,0,0,0,0,0,0,0,0,0,0,0,0,0,0,0,0,0,0,0,0,0,0,0,0,0,0,0,0,0,0,0,0,0,0,0,0,0,0,0,0,0,0,0,0,0,0,0,0,0,0,0,0,0,0,0,0,0,0,0,0,0,0,0,0,0,0,0,0,0,0,0,0,0,0,0,0,0,0,0,0,0,0,0,0,0,0,0,0,0,0,0,0,0,0,0
Boston_gaymers,0,0,0,0,0,0,0,0,0,0,0,0,0,0,0,0,0,0,0,0,0,0,0,0,0,0,0,0,0,0,0,0,0,0,0,0,0,0,0,0,0,0,0,0,0,0,0,0,0,0,0,0,0,0,0,0,0,0,0,0,0,0,0,0,0,0,0,0,0,0,0,0,0,0,0,0,0,0,0,0,0,-8.304742269640771,0,0,0,0,0,0,0,0,0,0,0,0,0,0,0,0,0,0,0,0,0,0,0,0,0,0,0,0,0,0,0,0,0,0,0
NewYorkCity,0,0,0,0,0,0,0,0,0,0,0,0,0,-11.820918833560993,0,0,0,0,0,0,0,0,0,0,0,-12.551617359773072,-14.996518674947373,0,-12.63677516811338,0,0,0,0,0,0,0,0,0,-14.885293039837148,0,-11.597284002453065,0,0,0,0,-12.516526039961802,0,0,0,0,-12.048988503211259,0,-12.191377349669843,0,0,0,0,0,0,0,-13.009450453398552,0,0,0,0,0,-11.091579524407631,0,0,0,0,0,0,0,0,0,0,0,0,-11.794250586478833,0,0,-11.278651683960184,0,0,0,-14.939360261107424,-10.401993178470695,-12.839299432224852,0,0,0,0,0,0,0,0,0,0,0,0,0,0,0,0,0,0,0,0,-12.177242838734939,0,0,0,0,0,0,0
NewYorkCity_gaymers,0,0,0,0,0,0,0,0,0,0,0,0,0,0,0,0,0,0,0,0,0,0,0,0,0,0,0,0,0,0,0,0,0,0,0,0,0,0,0,0,0,0,0,0,0,0,0,0,0,0,0,0,0,0,0,0,0,0,0,0,0,0,0,0,0,0,0,0,0,0,0,0,0,0,0,0,0,0,0,0,0,0,0,0,0,0,0,0,0,0,0,0,0,0,0,0,0,0,0,0,0,0,0,0,0,0,0,0,0,0,0,0,0,0,0,0,0
Dallas,0,0,0,0,0,0,0,0,0,0,0,0,0,-11.647316140047112,0,0,0,0,0,0,0,0,0,0,0,0,0,0,-12.673954929090131,0,0,0,0,0,0,0,0,0,0,0,-11.791565748891658,0,0,0,0,-11.482560906971056,0,0,0,0,0,0,0,0,0,0,0,0,0,0,-10.585870291254276,0,0,0,0,0,0,0,0,0,-13.583325218119713,0,0,0,0,0,0,0,0,0,0,0,-10.859311166028489,0,0,0,0,-10.312053258939667,-11.210828135926953,0,0,0,0,-12.660161606957796,0,0,0,0,0,0,0,0,0,0,0,0,0,0,0,-12.543901800841933,0,0,0,-12.702125806056827,0,0,0
Houston,0,0,0,0,0,-11.840297662828254,0,0,0,0,0,-12.93634255599112,0,-11.817425001162263,0,0,-13.833585092894578,0,0,0,0,0,0,0,0,0,0,0,0,0,0,0,0,0,0,0,0,0,0,0,-11.561653740991536,0,0,0,0,-11.213575958250015,0,0,0,0,-11.644781617954768,0,-11.837730267323009,0,0,0,0,0,-12.983595440841665,0,-10.629918686689907,0,0,0,0,0,-11.166618975162244,0,0,0,0,0,0,0,0,0,0,0,-15.09582680534449,-11.28916431557417,0,0,-11.043462315363273,0,0,0,0,-10.047681662498583,-10.605693429344758,0,0,0,-14.01968737252844,-12.722472641462238,0,0,-14.80814473289271,0,0,0,0,0,0,0,0,0,0,0,0,-12.520673277708713,0,0,0,0,0,0,0
Chicago,0,0,0,0,0,0,0,0,0,0,0,0,0,-11.84422935738706,0,0,0,0,0,0,0,0,0,0,0,0,0,0,0,0,0,0,-14.4598481140303,0,0,0,0,-15.026243588951102,0,0,-11.513987670516483,0,0,0,0,-12.170868673092034,0,0,0,0,-12.305574923889681,0,-12.114928657209695,0,0,0,0,-12.321373040766272,0,0,-11.903249535786184,0,0,0,0,0,-11.476352566924747,0,0,0,0,0,0,0,0,0,0,0,0,-11.72512966584593,0,0,-10.879336696638147,0,0,0,0,-10.447124080162954,0,0,0,0,0,-12.414774215854674,0,0,0,0,0,0,0,0,0,0,0,0,0,0,0,-11.911670638182592,0,0,0,0,0,0,0
