Subreddit,N,B,Num Utterences,N-Post,B-Post,Num Utterences - Post NM,N-Post with Mention,B-Post with Mention,Num Utterences - Post M,N -Comment,B -Comment,Num Utterences - Comment,N -Comment with Mention,B -Comment with Mention,Num Utterences - Comment M
LA,0,0,3743256,3725225,156150,305708,44446,10588,3842,58172814,1018312,3391500,472256,49499,42206
philly,0,0,2472926,2200972,116168,175063,18846,5308,1632,38481090,787867,2279878,212403,29954,16353
atlanta,0,0,3282875,3606082,154617,252288,42300,9932,3312,53074784,957173,3000790,345876,44538,26485
DC,0,0,2177489,2924564,135353,200729,42906,9551,2863,35856778,728993,1961865,224029,31008,12032
Miami,0,0,551743,834006,59955,69134,3293,1078,287,8171661,262732,479374,40480,9450,2948
Florida,0,0,466582,543646,41682,51603,4334,1551,322,7194572,233449,411558,36256,8769,3099
Boston,0,0,3507582,3521565,153136,258488,32990,8613,2644,58019536,1000540,3227173,333342,41175,19277
Tallahassee,0,0,156242,815888,60093,62663,5526,1700,352,1687062,91039,92655,11358,3677,572
Boston_gaymers,0,0,674,4583,1596,368,0,0,0,4808,1500,306,0,0,0
NewYorkCity,0,0,3670782,2697568,130194,258861,15545,4235,1026,58199420,1013524,3392006,261974,36507,18889
NewYorkCity_gaymers,0,0,25142,83562,14133,6689,4248,1619,347,218480,26566,17653,3814,1591,453
Dallas,0,0,1531530,2064626,111686,165311,33557,7924,4043,23871056,541254,1353600,132838,22065,8576
Houston,0,0,3612348,3971989,170502,302170,42260,9669,4458,55332877,996063,3285148,269380,37374,20572
Chicago,0,0,4456398,4298390,166189,320178,97619,21444,10968,71625127,1159092,4087828,413841,48615,37424
